-- phpMyAdmin SQL Dump
-- version 5.2.0
-- https://www.phpmyadmin.net/
--
-- Host: 127.0.0.1
-- Generation Time: Apr 01, 2024 at 03:45 PM
-- Server version: 10.4.24-MariaDB
-- PHP Version: 8.1.6

SET SQL_MODE = "NO_AUTO_VALUE_ON_ZERO";
START TRANSACTION;
SET time_zone = "+00:00";


/*!40101 SET @OLD_CHARACTER_SET_CLIENT=@@CHARACTER_SET_CLIENT */;
/*!40101 SET @OLD_CHARACTER_SET_RESULTS=@@CHARACTER_SET_RESULTS */;
/*!40101 SET @OLD_COLLATION_CONNECTION=@@COLLATION_CONNECTION */;
/*!40101 SET NAMES utf8mb4 */;

--
-- Database: `book_store`
--

-- --------------------------------------------------------

--
-- Table structure for table `author`
--

CREATE TABLE `author` (
  `author_id` int(11) NOT NULL,
  `author_name` varchar(255) NOT NULL,
  `biography` varchar(255) NOT NULL,
  `genre` varchar(255) NOT NULL
) ENGINE=InnoDB DEFAULT CHARSET=utf8mb4;

--
-- Dumping data for table `author`
--

INSERT INTO `author` (`author_id`, `author_name`, `biography`, `genre`) VALUES
(1, 'yagnesh', 'good writer', 'thriller'),
(2, 'dhruval', 'good writer', 'fiction'),
(3, 'nikunj', 'good writer', 'poem'),
(4, 'jayesh', 'writer', 'comic'),
(5, 'J.K. Rowling', 'Joanne Rowling, better known by her pen name J.K. Rowling, is a British author.', 'Fantasy'),
(6, 'Stephen King', 'Stephen Edwin King is an American author of horror, supernatural fiction.', 'Horror'),
(7, 'J.R.R. Tolkien', 'John Ronald Reuel Tolkien was an English writer, poet, philologist.', 'Fantasy');

-- --------------------------------------------------------

--
-- Table structure for table `book`
--

CREATE TABLE `book` (
  `book_id` int(11) NOT NULL,
  `title` varchar(255) NOT NULL,
  `description` varchar(255) NOT NULL,
  `published_year` int(11) NOT NULL,
  `quantity_available` int(11) NOT NULL,
  `author_id` int(11) NOT NULL,
  `genre_id` int(11) NOT NULL
) ENGINE=InnoDB DEFAULT CHARSET=utf8mb4;

--
-- Dumping data for table `book`
--

INSERT INTO `book` (`book_id`, `title`, `description`, `published_year`, `quantity_available`, `author_id`, `genre_id`) VALUES
(1, 'Pride and Prejudice', 'A novel by Jane Austen', 1813, 45, 4, 4),
(2, 'The Catcher in the Rye', 'A novel by J.D. Salinger', 1951, 55, 5, 5),
(3, 'react', 'asd', 2002, 20, 1, 1),
(4, '1984', 'A dystopian novel by George Orwell', 1949, 40, 2, 2),
(5, 'js', 'javascript', 2003, 10, 1, 4),
(6, 'java', 'java oop', 2003, 5, 5, 4),
(7, 'c++', 'c plus plus', 2003, 6, 2, 4),
(8, 'To the Lighthouse', 'A novel by Virginia Woolf', 1927, 35, 6, 1),
(9, 'Brave New World', 'A dystopian novel by Aldous Huxley', 1932, 25, 8, 3),
(10, 'The Lord of the Rings', 'A fantasy novel by J.R.R. Tolkien', 1954, 70, 7, 4),
(11, 'Crime and Punishment', 'A novel by Fyodor Dostoevsky', 1866, 65, 1, 5),
(12, 'Clean Code', 'A handbook of agile software craftsmanship by Robert C. Martin', 2008, 20, 2, 6),
(13, 'Design Patterns: Elements of Reusable Object-Oriented Software', 'A book on software design patterns by Erich Gamma, Richard Helm, Ralph Johnson, and John Vlissides', 1994, 25, 3, 6),
(14, 'JavaScript: The Good Parts', 'A book on JavaScript programming by Douglas Crockford', 2008, 30, 4, 6),
(15, 'Effective Java', 'A book on Java programming by Joshua Bloch', 2001, 35, 5, 6),
(16, 'Python Crash Course', 'A hands-on, project-based introduction to programming by Eric Matthes', 2015, 40, 6, 6),
(20, 'delete', 'delete', 2000, 2, 99, 98),
(30, 'delete', 'delete', 2000, 2, 99, 98);

-- --------------------------------------------------------

--
-- Table structure for table `genre`
--

CREATE TABLE `genre` (
  `genre_id` int(11) NOT NULL,
  `book_id` int(11) NOT NULL,
  `name` varchar(255) NOT NULL
) ENGINE=InnoDB DEFAULT CHARSET=utf8mb4;

--
-- Dumping data for table `genre`
--

INSERT INTO `genre` (`genre_id`, `book_id`, `name`) VALUES
(1, 0, 'thriller'),
(2, 0, 'fiction'),
(3, 0, 'poem'),
(4, 0, 'comic'),
(5, 0, 'horror'),
(6, 0, 'programming');

-- --------------------------------------------------------

--
-- Table structure for table `user`
--

CREATE TABLE `user` (
  `id` int(11) NOT NULL,
  `email` varchar(255) NOT NULL,
  `password` varchar(255) NOT NULL
) ENGINE=InnoDB DEFAULT CHARSET=utf8mb4;

--
-- Dumping data for table `user`
--

INSERT INTO `user` (`id`, `email`, `password`) VALUES
(1, 'yagnesh@mail.com', 'yagnesh'),
(2, 'test@test.com', 'test'),
(3, 'dhruval@mail.com', 'dhruval');

--
-- Indexes for dumped tables
--

--
-- Indexes for table `author`
--
ALTER TABLE `author`
  ADD PRIMARY KEY (`author_id`);

--
-- Indexes for table `book`
--
ALTER TABLE `book`
  ADD PRIMARY KEY (`book_id`);

--
-- Indexes for table `genre`
--
ALTER TABLE `genre`
  ADD PRIMARY KEY (`genre_id`);

--
-- Indexes for table `user`
--
ALTER TABLE `user`
  ADD PRIMARY KEY (`id`);

--
-- AUTO_INCREMENT for dumped tables
--

--
-- AUTO_INCREMENT for table `author`
--
ALTER TABLE `author`
  MODIFY `author_id` int(11) NOT NULL AUTO_INCREMENT, AUTO_INCREMENT=8;

--
-- AUTO_INCREMENT for table `book`
--
ALTER TABLE `book`
  MODIFY `book_id` int(11) NOT NULL AUTO_INCREMENT, AUTO_INCREMENT=31;

--
-- AUTO_INCREMENT for table `genre`
--
ALTER TABLE `genre`
  MODIFY `genre_id` int(11) NOT NULL AUTO_INCREMENT, AUTO_INCREMENT=7;

--
-- AUTO_INCREMENT for table `user`
--
ALTER TABLE `user`
  MODIFY `id` int(11) NOT NULL AUTO_INCREMENT, AUTO_INCREMENT=4;
COMMIT;

/*!40101 SET CHARACTER_SET_CLIENT=@OLD_CHARACTER_SET_CLIENT */;
/*!40101 SET CHARACTER_SET_RESULTS=@OLD_CHARACTER_SET_RESULTS */;
/*!40101 SET COLLATION_CONNECTION=@OLD_COLLATION_CONNECTION */;
